x1,x2,x3,x4
1.2725401002138914,0.4472486228276558,-0.10425168182014329,-3.6294820388528684
-0.5301533409119213,-2.2496642620224083,-2.129188223777616,2.157649698375658
-0.41366073450254875,-1.051200082965557,1.1257890654172362,-0.7726501229036884
-1.3004924426358877,-1.5050572603791652,-1.1966182154242062,1.097782103783948
-0.17421231048350416,0.8155439506077558,-1.49651585953639,0.7148261211274666
1.6508447574476146,-0.21218480367901804,2.2938906348656767,-2.7705654119353986
0.05562639856805707,1.9709852693065324,-2.0886666845201587,1.9194864708562462
2.7227445200241136,2.395813328351762,1.1313142689440854,0.04256154838760252
0.18150983215629143,-1.0744083664836057,2.5949376226657783,0.08271255539025602
-0.42312290825790344,-3.3097720797453953,-0.5923554215731383,-0.5942101963958706
-0.2639176902555837,-3.5855431487402623,-0.38873670769395224,-0.16628724254669744
0.678162734658331,-0.37738778599649625,1.6670339739143614,-0.9220955266994824
-0.02250685949291814,1.0386573034182311,0.11308678530354377,1.9146172194247986
-1.4663180664952993,-0.8148113922112801,-0.20657726870916326,-0.10658198548577863
0.12905215661562988,0.6594981873298157,-0.9481214246016578,0.4032346672442671
2.9503296047022367,2.3301128585483646,1.4278223851667693,-0.2667640550063248
-0.5761892772661916,2.1171948759466535,-1.8645873686472612,-0.7508401948070649
0.03760032927178489,1.3298438318807917,0.3967835033866355,-1.5060619774479276
0.0067279495680374335,-1.6796316858284872,0.539744020042325,-0.05051418074992031
0.041912183348602645,3.0475417466918095,-1.104000968359643,0.2342484310790362
0.4804431889237581,-0.23789993757520755,1.2401942995804909,0.22031123234044223
-1.4540041801179655,-2.3459493932752427,0.3642205963999173,-0.5254869583383925
1.4357241677936616,-0.10289859403494805,-0.27455183432715924,-0.18269775265786714
1.7164775248770143,2.5479941304615736,-0.31482386688889374,-0.3388410935330623
0.6914430121807216,-3.6762573557726546,5.453719289491648,-6.867809837515914
-0.6640947638635588,-1.4499080303225318,0.42476052703513295,0.07061436978098937
-0.9706613549990837,-0.6998926986094995,-0.20562974453573557,-0.716925569963841
-2.0735126131182366,-2.4654307680914265,-0.49259270031927505,-0.21359881988843693
0.4554461268748021,6.654037130064594,-1.648668290733371,0.49858179574765865
3.2056939187865776,0.21339726159167594,0.34818965479305286,-0.6281799478000167
0.3138786730272015,0.4392991501471852,0.7697217209066842,-0.3708571866929587
0.09541700925290497,-1.891922647750382,0.3005883950492568,-0.11029899082606673
-0.6878797053929037,-1.5967075807718905,1.1937333954962166,-0.3020394316793392
-0.7849466520104347,1.2032432555534505,-1.9486937726542752,3.4066004054330294
0.512291042535922,0.5141513610189496,1.5356837584447751,-1.1992005830730514
-0.861790257085819,-0.42604599606932514,0.9192809729234955,-0.42783678266434927
-1.6309435519985593,-3.819269244546357,2.441273897969387,-0.36049369096141554
1.0869210442969734,1.0266527124393408,0.40159786146546644,0.03614824711198028
0.2258471304090015,-1.2402007297028712,1.2521174611374564,-0.8719312222042064
3.4184621867015723,2.013761720315218,0.943391882605774,-1.0500797171246028
1.812639717925719,6.574350237785411,-4.114964545089353,4.893839347565242
0.011582241532463011,0.595037089133815,1.3560315126217515,-0.9744119766915829
-0.49478721188143304,0.2947098268084949,0.41389422846519075,1.2470493654036257
0.6387023054394871,1.542370330698851,-1.3632397754254069,2.050038001524963
2.354255073677061,-0.6650145816953152,3.1991475474778124,-0.2949544077318889
0.021014119743156607,4.793381312568362,0.31824639771349506,-0.49310404811990266
-3.2017675148292275,-4.65940993758191,0.892475579497963,-1.0445488942918248
0.6239283034332637,-1.1639093526053639,0.8522973976590903,-0.31069475239303035
-0.024238609076592824,-0.786830639248288,0.24134878535257862,0.08891915321230501
3.1421403856705448,4.789758346756193,-0.1984942371506728,0.19813598237790273
-0.3165537033523793,0.39051806311145293,0.46461377817152755,-0.1406553006268524
-0.9917891935898506,-0.09954162959879301,-1.1304032289078616,1.3031860684575374
-2.4415625642405256,-5.661557956509006,3.851904015927229,0.7702615752573848
1.6171638382725733,2.5480596789417422,1.1876497515397915,-0.5813899371900354
0.12331999689393222,3.316207722392988,0.5141108949817416,-0.4132443742770938
-0.2341887795025529,-1.1580915752961882,0.6764497789618973,-1.8925138626249458
-0.46068126522390407,0.8485879861799557,-0.21062038823772397,-0.029882313556476886
-2.269681041387946,-0.019019943635741887,-2.5758712272013886,1.9663533825945425
-0.44662515440119355,-1.0967132870966871,-0.23884375518449036,-0.3322700903883774
-1.5139655320308736,-1.151021958099408,-0.4942260773244851,1.1951438605710292
0.014936330815573523,0.18492151657068107,-0.21602247062428576,-0.5225266692785472
-4.333370584586901,-6.335566636659552,1.8656780160328599,-1.8128501576199298
-0.09080529792382347,1.192089895607179,-0.5958966470679843,-1.952760722744591
0.4465805365743042,-0.7358994928931151,2.37729891583273,-2.8961848336762337
-1.367623506818903,-2.9055804652950403,3.6802076651250055,-0.4211291487080359
-0.9293571954638793,1.0698055773043347,-3.6604125246498187,1.275859991103013
-0.3221365650260692,-1.8894034451689832,0.9996055611610303,0.07705908868740814
-0.4983833759000323,-0.8470372795455217,-1.1574832889489357,2.6664812009143453
0.7812490229956996,0.20651505710631635,-1.115761152131677,-0.19515417158215748
0.10646267697227907,3.5898183485083326,-4.9230302302588935,2.7980909037870996
0.9453812223902675,0.37785832383003015,-0.5661349598516633,-0.14266846578927622
0.11654650287270368,-3.268395602489653,2.05114620218925,-1.8217284882084186
-0.5644130482229142,-0.5920382714256305,-2.271863012168258,1.7744744511164436
2.3520107395533247,1.326216132032627,1.194958810999496,-1.005854470055547
-0.28770384262163307,-2.4167435661374155,0.289608152602017,0.3772022768282155
-1.1358529506164436,-0.3243256686209723,-1.5484384813382062,0.1416493064631528
-1.3923577545220907,1.038072298745194,0.9946866449351051,-1.6950059771716885
-3.3620435943422526,-3.7091260753932547,1.6557845160742986,-1.0479366466192694
-0.1109181068525304,-3.6078654049456365,0.6741665150372418,-0.3672901692129434
1.0945139131446608,-0.6457485476590965,-2.63026569127272,2.2856440382781336
-0.10542761542701994,1.6733219428259176,-1.6645707299454384,2.0164488358916617
2.328902799595375,1.9600276617176062,1.9654543359048993,0.26357802819452597
0.8952285064509244,1.3170079567864752,0.16154487757797026,0.31856363013374134
1.2147847339756368,0.042762484506221776,2.2020633428251184,-1.3586764451886708
0.07805429106263612,0.9931355300172151,-1.770401690087255,1.0240254179302588
-0.05691912066946342,1.7343895033459817,-1.8193085741762927,-0.8458829698446635
0.35827783262240614,0.7558166593581678,0.08253971958748663,-0.3958488482324924
-0.6272410217585528,-0.2520258167079711,0.3245053002497093,-0.38382719696367645
2.087517999904172,3.4574828219979334,-2.233210527367465,-0.3614388319607538
-0.35872850265341816,1.926825649407927,-2.53585085662863,2.7358495939881573
0.8444974459265502,1.1972100484603914,-1.5076611798726203,0.16469677046827128
1.3126540925741994,0.6748291811726861,-0.020058523389383964,0.17564949421427575
0.5999371354999326,1.3865639274791566,-1.1274888741945557,0.44580215742162443
0.022394270425599043,-0.14224656317449802,-0.311048268344706,0.07112544422725244
-1.977630990937152,-3.5580657487920386,3.8841027378880453,-1.609589052236511
2.356425513026689,1.272473384813087,0.7331319541762786,-0.34275741373518087
-1.8212111590783908,0.2826347389444447,-1.6838734200685304,-0.014046881571875856
-0.8735943696960011,-2.0400345996360256,2.1308151804755506,0.11362356603464527
2.2211636207610628,3.58253563482205,4.250744630711848,-1.483117186642579
0.8501335030778948,0.4461251109554794,1.9946022689730871,-2.1915598679488393
-0.1589550592384794,2.0616259542339224,-1.2782002954000178,2.769455842010217
-0.08532207007821943,0.9367916640742092,-1.7881026646309626,1.129983853031966
-1.3634297130501682,-1.2157228629222663,-1.299554546579301,1.531522778226372
1.4067165510730415,-0.6956752386111089,1.2764034716247787,0.1774663636866266
-0.04444497674308856,2.0268085124486706,-1.8194525126531438,1.6894957723316832
-0.1208394506602232,-1.2551286251025506,0.5602748770744972,-0.03735511949046474
-0.07919879507453524,-0.01924253359265571,-0.3192789117920585,-0.41475049715627454
0.5960334914847752,1.0808716713400142,0.630794783252816,0.15425441068547593
0.358944333639619,1.2037410510897375,-1.324974529065991,0.6702577808525573
-1.729234543153334,-1.7803103252311665,0.0979060165403144,-0.04559400647898023
2.970317057360668,2.4814005284476677,-0.6840577070096433,0.9268929827660286
2.357688063058364,-0.6732426902045828,3.9386361796254468,-2.4441306091337074
-2.190126590612195,-1.3031333373634422,-1.5306393968499301,0.4956451757212887
4.914518915052792,3.276642903158462,0.9591380223426458,-0.5293496495674923
1.6266965354344904,-1.2032143792747294,1.9369937712501817,0.6428370515245714
-1.4488503766737373,-1.9589401675471005,-0.1932828405108535,-0.23693370336846334
-0.32862833405638286,-0.4255033672217994,-1.080342394138634,0.3477105633842619
-0.5715112363577928,-3.4599176745094904,0.18552802625261888,-0.3275459283410774
-0.13459548354412587,-1.368246880720451,0.7330793989644777,-0.5806634693968313
-1.7274614309348362,-4.27282248931515,3.275003560930574,-1.322868019046112
1.67484576077218,4.151470573790629,-1.9522249489331247,0.17712537121377048
-1.1106086152097416,0.30369496306690613,-0.28971691941272115,0.10889536152406874
3.541927488171834,4.034714866973219,-0.24836406820181903,-0.04005128770282874
1.1078496952283685,-0.5573996544710695,0.3572862096369954,-0.24082533429536576
-0.9327156726290577,-1.252444901592213,-1.3398262165083636,-2.6085162004926934
-0.24063025479847788,1.0736757886507218,0.2739235141959915,0.4835814631897891
0.6166096042116649,-0.1973646511345969,0.5601744839895083,0.18668996197848928
-0.7606524806211439,-1.082612743164596,-0.055553823372162414,-0.7294592255017168
1.4837234243417332,-2.177316145473577,1.4844625061510113,-0.8807901557807696
-3.0981030795692095,-3.0524054540520944,0.5343186200982987,-0.6211149995624419
-0.7110870558165607,1.2977109661956263,0.06031544052882931,1.0869099690627249
1.245000289336365,-0.15063786900152404,1.6991175063684458,-1.73264310860684
0.7124431646183353,1.513426710813206,0.4766481300307627,-0.17307853662386302
-0.004517816622724602,-1.201995878470456,1.8204942043066963,1.6414556397247113
0.21504078917382244,2.318524415890256,-1.980231485088019,0.319225913636009
-0.08997074239355425,-1.843989738432208,1.6336893929555363,0.09970168353511409
0.5044852543367931,-0.2961127072726622,0.8569194278184458,0.04835503848186969
0.5963898237050201,0.5179690807281738,-3.0197318417112555,1.1525918089027278
-0.3028088240636137,0.8434605404735193,-1.111197332316685,0.27655931871827133
0.1619630510924611,0.12483252865808633,0.2469557680650007,-0.38107534003433524
0.5032504520536389,1.67834032726312,-0.8286464073788635,-0.22239261106472602
1.3910310211334018,4.209840169445021,0.19933707439057294,-0.19440738259157292
-0.8568219265214785,-1.5808502365873163,0.8341662651100297,0.22799378354926134
-2.677624056402324,-2.9344835878689293,0.41736511519788494,-0.36350042899056884
1.5732850130358835,1.4082679472240076,-1.06250684661061,-0.3397012884405717
-1.6515857564949679,-1.0091005650661296,0.34385097524749225,-0.44135315496635025
-1.2021743822968944,-6.500577168389317,-0.3020378504891127,0.023590098354496564
-1.983660786997641,2.0670471932858416,-0.9391950386876761,1.3340898954454665
1.993444504276146,2.8616101027162717,-0.8161096801551004,0.07599730101549863
0.5784746607242562,1.3892990280545137,-2.137913807033398,0.06457213017922142
0.6812564481491296,-0.21699222325250744,2.3138612690362015,-1.3233801941253966
1.6424780659455678,0.12642952644690456,2.0784862190809887,-2.797794856998206
0.6341824108790493,0.9558387097775961,0.3438329538772029,-1.5618945582332744
-2.04366307618355,-1.9779363090184792,-0.9175103326685944,1.143881569459306
0.10901204627285593,0.09872960143143245,-0.015569399695926356,-0.3770908976701938
0.15674050641050805,-0.23088107377377898,0.6778927732361497,-0.041692995076446034
0.10459125553849605,0.06337369960312267,-0.4422768992793611,0.1900362820941722
0.008877618391628567,1.5080720314897278,-2.107001499024906,1.6059180857485325
2.23046488415344,4.357716026283504,-3.8361384279365414,-0.41445999725998567
-0.013286968519567073,-2.429318072793145,1.4811864194046316,-0.3137336342196989
-2.3714916222651685,-4.883093127633108,0.33455344206379645,0.9460537216774493
1.1030217769420916,-3.8120550981119408,8.072805550130942,-3.3108550798074976
1.4748375994472815,8.260855778961524,-4.689707321535437,0.16487091160677186
0.6080676911349929,0.6358505553199739,1.0426251904378783,-0.01867575276991847
-0.06091650225645781,-1.6674478438258147,1.067686857734052,0.07264968959996661
0.1257531439365761,3.044861046924284,-3.29960606982476,2.7486867910682706
0.7746691967077841,-1.5463269083542461,0.7136205301869997,0.061535085422538195
1.99897042231133,2.616568185223833,-0.45492154058254247,0.01228304135383329
-0.04750507524253236,0.20276772821565409,0.364874521549585,-0.3031870382320811
0.574819840631965,0.08905884230999828,-0.9525641592223063,-0.907675636951682
-0.7232761753756173,-3.2932469058057343,4.463963343781939,-5.217327631386438
-2.1558835081670202,-1.9483800339310384,0.4395503734570606,0.8881380146315377
2.1209894590189666,-2.5481064512043465,4.184607543725988,-0.2020714043758834
1.9414601544325172,-0.687768380558544,0.825007588815384,-0.27646894859392374
0.9125541187527892,2.1035545580191646,-0.02194025461610627,0.8278883641215451
-1.0755845818687764,0.6618250031669137,-1.662071132156534,1.0505805645719208
-0.6269391651905682,0.466495918551352,-1.270691043557773,1.6913654753423324
0.7268685917085638,-0.45926121310355483,1.693636007834743,-0.1010396389960595
-0.15278014650913305,-0.42517078714765877,0.09657515710054196,0.08290576980895549
0.11151992682492219,0.7255243214995358,-1.8036907618255504,-0.24466827956158277
-0.18342238295895735,0.8350071129017618,-0.4846240310997122,0.08959502580328786
-1.1665747414679482,-1.976760348647499,0.9912436555328612,0.4901005704124905
0.09967984782299416,-3.249429354509814,4.807197470512658,0.6595612017431172
0.790899337125907,1.160754237012406,-1.7137263777993934,0.5343688064525745
-0.050882320856388365,-1.7046373791821312,0.2278081867412478,0.5588403764272952
-0.23872847662500268,0.10966942540147641,-0.15554701453413539,0.07576148010395828
0.08922748089548439,-0.13963163936479592,-0.03163750851756528,0.004587200058059237
-3.8349395632026004,-3.2071150299525932,-0.46046951397339714,0.78474497443634
0.20347501317691524,1.4297932810374654,0.5696694423132735,0.5662646039723234
-0.6777893898736951,-1.2439990405916932,0.1618187645850099,-0.37826561934884545
1.6605645965708173,0.989628436389745,-1.5055746182998848,0.2612355858617979
0.7299327270797829,-1.1075478354809853,0.7854960885165938,-0.6693699844796903
0.5237555259587638,4.449774903751852,-4.65204610848472,1.817083705057575
-0.246550345824326,-0.0014716842365791738,-2.658957768304844,0.7819638305244727
1.457649818033603,-2.3124635123283084,3.080482302129193,-1.5678453407873028
-1.1303726287102407,0.6777219414562261,-0.3364882922950755,-0.7511745311781404
-0.4776322982064122,-0.05773597429837815,-0.43362281871971425,-0.4090322247457859
0.676447968215668,1.938781965248587,-0.6494790824562452,-0.27626562641401226
-1.5373720197606013,0.2518639971282668,-0.38890216336787786,0.23249093159721304
-0.34180054336972504,2.288108017222788,-1.6590772219102783,1.8702863397437646
-2.5831481215502157,-4.475470735087513,1.5801026145457089,0.19132571072076066
-1.1145462825117445,0.14716512128784054,-2.8379587977111114,0.16873101778263536
-0.7016251729750518,-0.6309703388699234,-1.533606421974629,0.8232363104994844
3.0874051799591378,3.001330974812283,-0.11227515904841427,0.030817379675994214
-0.12379941119244688,1.4991148703380346,-2.103691527143161,1.2774903100547996
-0.039507754979241694,0.7011940714583937,0.2559208865682439,-0.4782392852941785
-0.05305468639552929,-0.769251280160353,0.5980797462649152,-0.3584279107753309
-0.014675183557432608,1.5915765947458551,-1.4994272613010828,1.1181915982506236
0.16384178723166967,0.20963485578839391,-0.08782874701993787,0.056883056766675176
-1.6929392825544989,-2.71819042090217,-1.0576781827712516,0.7565398243484275
-0.6493325438270577,-1.729486339846261,0.9723581923002427,0.7062171041061379
3.0872693973209433,3.7716617963372476,0.3411930774668005,0.9200466338823667
0.22428889930184726,0.3051521964616144,-0.5015506773985918,-0.20337892629686066
0.19068633688144668,0.6843463258532515,-0.39740270565537295,0.011076880966715734
-0.11125748568928506,1.2792379248692172,-0.7090050315252638,1.4913036719107258
-0.22538729541541264,3.7981921404113383,-2.3337062611234685,3.7923556977227864
-1.2643665799541446,-0.25546086555724423,-2.1099315059183605,2.19659983292058
0.7818929304409004,0.17813751467788896,2.153726832113464,-1.7495622485369173
1.4584801263116918,0.9963304189415896,1.552982413685767,-1.4042392953491214
-0.10881347355436083,2.5390965149559714,-1.8892401840857256,1.7217559482707752
-2.4756261280995657,-3.7741372901996337,1.3598800137723648,-0.3200421584650579
-0.4736463329651496,-2.309850078837628,0.593450441478669,0.7933411688520923
0.42717653704703645,3.3170166935839607,-4.055611006023144,2.9777849033941157
-0.34076103052637724,2.5497612681176847,-4.068784202093286,3.5313501847295967
0.976462405098984,0.2627320080301112,0.4851314002343609,0.02523095202698616
0.47442556295346183,-1.0284789335402187,0.5486276944721485,-0.830007043571164
0.1547833099341035,1.8515651326772442,-0.94274162228839,1.6151773639843305
1.1313505368454329,-0.862633212043523,-0.056797523176980426,0.0611558300245826
0.03323886935844177,-1.8617572368360205,0.7625333686352178,-0.21010865582447316
-0.460308910969204,-0.048418804743391775,0.47325792872945793,-1.2728332655763026
0.30187516384797186,-0.0345603507403022,0.5863413401673211,-0.6902288009290241
-0.4507264169066492,-0.4974667870443748,-0.1962636312782603,1.1276722477944405
2.648089931936064,1.2954902119140739,-0.6982434088681548,-0.3456745943608139
-2.1445785221921043,-2.0693937041280877,0.4450109466937715,0.780824636212812
0.3786517560832342,3.0490843351995554,-1.2905776525669923,1.7780184386028095
2.585085284707539,3.3878916332943114,-1.108756094364998,-0.2315553992828807
0.15824730525231773,2.3395893129670973,-0.5929155148278982,-0.616514999447181
2.1732006606653465,3.974867148533092,-2.1956545402325784,1.180307381322703
-0.25765469395352786,0.24154998234783073,-0.30646320197043875,-0.052900250744544054
0.13179357472571507,-1.441906857291381,-0.5408785345146226,0.5273803999875641
-5.026596567796029,-12.514897130606228,4.3513996977213365,-1.8609122153362532
-0.38557901913132553,-0.4430712404812511,2.321815284137054,-1.5789693686596498
0.20142351967791688,-1.1723569165372947,-0.7079288289998552,0.867565135464681
0.41881589982269546,2.3420062161961743,-1.8234045695414798,2.481013270927619
0.4528733690957233,-0.032603533925759765,2.7331274082286856,0.5945816842276783
0.48803585412443556,2.94024909583584,-2.5718964778655184,0.3471912541015989
0.6042879651822417,-5.791501829455437,8.752709335957206,-2.426665567482853
-0.6801485218870257,1.1716549108342758,-1.3750718931247425,-0.05506858429521857
-1.3233747657323673,-0.9169219706002296,0.6561646445788337,-0.9539976469129089
-2.4009435982328435,-2.0400895600705122,-0.6774492107804284,0.6735977151897593
0.3649497323350248,0.43928119328973375,-0.6110920420201896,0.34121408317879276
1.5066020903689181,1.3088286292072153,0.09588462408860388,-0.038612179951474
0.18606108427189047,-0.2944265040914055,1.1199986965825992,-0.21199233369089174
0.5655734539327997,0.6092043609505621,-0.2971063394078239,0.39054253091203306
-0.3633036879645504,4.581364461714445,-1.2915596703961336,1.399706931742706
0.3289928786309225,-1.9528894375173431,6.364003859592218,-7.652096491973824
-4.35149589906704,-5.178922839494953,-0.5476668508421179,-1.9656885785703755
0.18434615463348014,-2.9298169932232216,2.417553127285833,-2.587689870691426
-1.8950703350510063,-1.5405716216331433,-0.19939682390087285,-0.22743428341454025
-5.124796143785576,-5.359361685525453,-0.6086582721841733,0.6246358384790138
0.429853084663602,-0.6536261694145825,-0.8630233794628328,1.222964148306367
-2.56303189176707,-0.4220124314084224,-3.0075667314335677,1.718573344772199
2.8126162098777323,-0.0024807105494003556,2.110968838626781,-1.390804056151021
3.186340316412264,2.7877239307893027,1.2938902386709514,0.19493087064238315
3.5943043473509233,2.4408407821502993,-0.7600229784157196,1.6473886909186783
1.309400050755364,3.5225527927108256,-0.5841906272955301,-0.21920074334355646
-2.163267853935337,-5.020035554104651,0.9699627532879218,-1.4242973159107881
0.5439240780789902,1.083500526950356,-1.210398137123252,2.4597130033212524
0.3907873433550951,-0.11926017986040777,0.9420608218815887,-0.8378307081233223
0.0569424128339774,4.68628723365502,0.5478538733095429,-0.6530293009365489
-0.38238033474444266,1.0239429964878493,-1.0899323312222338,1.5841225479032834
2.118927913432916,-0.6763546014472398,3.580602971532266,-2.663120041923699
-0.8082835945513478,-2.8712366764558093,0.16484783623384214,-0.24546644831877823
-2.8596460352193898,0.1364121866185135,-1.474006860546979,1.2187043381386073
-0.5636187179022267,-4.797735349266662,-1.2332183272136037,0.6356810644871173
-2.3471027440575303,0.4694545488866866,-0.3627505312243809,0.4966410122239177
1.8376931251389153,-4.8654282748460576,5.3873382133542975,-1.518967972674516
-0.331423665922596,-0.2664026000526227,0.4194232109978131,1.4516333658653306
0.1620151647874385,-0.07383957316327605,0.9661349854331042,0.3918936487090782
1.3617540359674427,0.751079391304917,-0.7498214332582069,0.0434510979617541
-0.22212024823669535,1.9505098345234426,0.2453451605076813,-1.1369367463187208
0.646708942063594,1.8755496806807055,0.37325274781593,-1.5527353830014767
-0.6115254772569477,-4.663026420918406,-0.7972780076853576,2.5591636199743695
-0.7099982292326024,-7.6364706462815475,0.8157971118467303,1.0213563877190759
0.7939941685618709,0.2442484540774934,-0.7622261929684866,0.11919293293406681
-0.13745960344876645,-2.559580764926224,1.6715448094270735,-1.7826226438185362
-4.12670782911082,-6.263648161684289,1.2596176981272413,-0.2831712960197992
-3.237798452770949,-2.9752641682975796,0.34631953598922716,-0.5679501031267263
-1.0380013548703257,-1.463366601832334,0.9184997264612811,-0.24296058952897492
0.923142542296782,-2.7923871656523604,3.1654753038926704,-1.0569706124071543
0.3222247129563213,-1.1732663132944798,-0.7306256481928225,0.7808175056575187
1.587571664830988,-2.14803569786221,5.5737479137418,-1.9012027378862786
0.19535103690594097,0.008795693094183432,0.30830594522697014,-0.11438263281148385
1.3365449778116079,1.3871454598070578,1.4627248302729883,-2.030633936534682
-6.262956891462935,-5.251874209132925,-0.5543533273773537,-0.6831621980759353
-1.9920507944973134,-2.787006438275844,-0.668551587256861,2.1946932131845185
-0.4820204766265248,-0.34821906318958606,0.2252038015802592,1.0550975338905344
-1.1201406445912852,-0.03645288633478261,2.0046263630395478,-0.77629541224909
0.9828783900169212,-0.9621612428396347,4.109630535742148,-2.7709160819622682
0.07052735141211508,1.409396991143145,-2.414223382354679,2.64565225195465
0.904720343992522,-0.8232961741487894,1.0611874741729566,-0.44396872826713785
0.31369418752969613,1.082526262224925,-1.020281370861992,1.3327370141627206
-1.0375144466703297,-1.8735259894037326,-0.9762856403547541,0.09043425918725086
0.09509102287558614,-4.1764028204376515,1.08461232590139,-1.17987849646553
-0.7778419681859001,1.1781843004049222,0.9554989794440186,0.900406693129465
0.15748537454628286,4.32564153064318,-5.14705124004047,-0.9917749408100588
-0.8305880419775473,-1.5121807595681453,-0.08501728282069675,0.2415785573007008
0.5598844288364347,0.246557889893045,0.5545541423182697,-1.1342883644299249
3.3838108672255234,4.113855350842186,-1.0826488099802132,-0.14330067367077406
-0.3171791866501668,-1.1081419673447828,2.5959977261942986,0.44771507907454766
0.7035638551576293,0.6754835437090208,2.0306108475586826,0.37683058986946694
0.6310738550000686,0.4612615719499511,-1.7471193404357206,0.5952414924630183
-3.273944846950431,-3.7364130173490357,-0.16838798022529622,0.15292859784344895
0.8733808328339154,-3.636769912994472,2.4599622851646847,-0.36812144114425094
1.4040322901608537,4.001866618470218,-1.863154938061819,0.07094235473042058
-0.3811261147081332,-3.6032660555500486,3.38944861752922,-0.3346301517027405
0.9231695519668683,3.4458159822578684,-2.9196042646503315,0.48839227952398423
-1.712461940234181,-1.1165365997472234,-0.4493729104168547,2.3340752307837405
0.42609201950501435,2.6605917923950386,-0.7447190200193061,0.26554121848840506
-0.03863568670042766,0.9454193313159458,-1.1130590649659229,2.250950646795128
0.5969739560983205,0.6710841083678749,0.13951078985093254,-0.03170029159141113
-0.1726432093140991,1.2775296468522273,-3.2333876441910934,0.8385547754090636
0.6936240027410658,0.7461150425126694,0.31995216149112776,-0.1310038091092409
0.2580277100111337,0.6242678495100641,-0.381836132739672,-0.04232535613498474
1.2528234940541945,-0.6987428012296251,-0.7231476385415274,0.6705213485140565
-2.9398159578366094,-3.8883127281839434,1.3439848935054601,-1.1290351412664321
-0.1296874148842544,0.5398713724074135,-1.8905831364680532,0.08878451691576378
-0.042435402189687194,1.3057180197717162,-0.18965015555502862,-0.818433231418953
2.6357926740547857,3.2135392076521345,0.7291872149967878,-1.0544422862953664
0.49420373960023933,0.5794384654974039,0.5087580133109029,0.2977723234613297
0.041238498364635015,-2.794844669437705,0.11526603182019424,0.09058252419924429
0.28351735862546096,0.8550184050915317,0.4205167051575772,-0.23441895582107145
4.072834574777026,4.252783364237421,-0.8875761709927692,0.3710907508357816
0.004044623068778563,-0.9558271177789195,1.3437153666943016,-0.2643636670851612
-0.3591856806225091,0.25171640564016023,-0.4677145697730163,0.8029629708328893
0.1440891831915007,-1.9331594820873597,0.06308185710977335,-0.2934355595579241
-1.6414841191173082,-1.23923074329617,-0.09434524275224034,-0.13429651081434765
0.35424868928069575,1.7640192022073498,-1.8077971906763244,0.17296125980267552
-0.1363549945259095,-5.325372843229271,1.6667662276145505,-0.47113048247779604
0.1468870394290142,-0.34152777973104115,-0.40007560590311486,0.1945867881806853
1.594163157850768,0.7929710664978618,0.5319417604912019,-0.7564106183792559
0.3619968167411224,1.4547636334307923,-1.1390532722203293,-0.10808071464357209
2.2346942861536907,2.5100685964531655,-0.8505222590506357,0.19330413580355987
0.29768111864651314,0.9029608704643808,-0.09844922846701001,-0.27612619310266295
0.3745587637014366,2.2846205543861244,-0.8316543569609077,0.8291517081547674
0.13901707940458824,5.996105211232418,-2.789813100414662,0.12361557347038489
-0.5415821837333209,0.8036083319866086,-1.0542599083533906,-1.4026611002441896
-1.023893952816649,-1.769032589172976,-1.038178219410106,-0.7998366812709726
0.3708538826305804,0.39295663560603933,-0.39042484600589394,0.18553639993113064
-3.415055458184899,0.35769492059952546,-0.8394205825991661,0.4651123661459798
-0.6614919503622074,-1.6228468124518791,-0.10681946046705929,0.17462063641332082
-1.3749587751532806,-1.6147096309035383,-1.3841489991729465,0.06666341996631903
0.3026883238485464,1.1320216816745505,-2.9585812275587946,2.1172645697128396
-1.0684811324920658,2.604176452354276,-1.2932820020428615,0.6192629972511913
0.5514511564634983,-2.8234850116057584,3.7348746957171644,-0.6721432173981899
-0.2548413891720286,-1.5992679989157652,3.9869670128724923,-3.3514938711740734
-1.9100676193926747,-0.3046363293923797,0.22703830461223562,0.77011187644553
2.169684884973221,1.3902356205188213,0.8657830733202792,0.22466856992979625
-0.3665623468717768,1.3087009051983354,-1.2891328526002415,0.16767392713541288
1.4057922056554923,-1.6606966199660536,4.70971889602952,-0.4522059796158303
-0.32353497092223016,0.534556289692478,-0.04156099225172394,-1.7094605301955712
1.6333459652162432,3.6493382471575053,-0.7866821176034969,0.7558351038817854
-0.6065443342360406,-0.7690371054523936,0.11760802672630088,1.4096953124028964
0.5630971129817304,0.7437584278686165,0.03111878025893977,-0.5213162095109433
0.04974788333954769,0.6175894458814739,-0.48817079945967184,0.2480301843157289
0.08484488365357495,-3.223171487056084,-0.30354363498152076,0.21439561380226965
-1.0984247546382175,-0.44776175413684194,0.1699771616534201,0.19130992994441903
0.10572815373437379,-0.7517410917162461,2.331830553396868,0.0008910150975639354
0.7126232622653919,1.6905467574622504,-3.051090998252006,1.763014776359013
-0.5577899305208086,-0.5566390852967563,-0.09512537027223106,0.05471767144604748
0.6694500146606269,0.18872618837056554,0.4737088807067946,0.10405966974809752
-0.30087665577256645,-2.734488036187042,0.6805845219459357,1.035037212340428
0.08944536231612654,0.6893013134182984,-2.353426566692158,2.4004191157450454
-0.7197480003518635,0.4347564343227728,-1.0637904824493258,-0.0425250492208403
0.4045785741745328,-1.1937655656599435,1.9195548341544233,0.047269242978403646
-1.7422249560297296,-2.1428816776684023,0.4184652446287229,0.17657502759662028
0.5768944368223082,0.5289127246409069,-2.6107646139544047,3.0672385293429496
0.9951516768495433,2.041602220478885,-2.0955028870496344,1.268801453097315
-1.0159550417647156,-1.8295035215727278,1.0392976732721544,0.8838586737566668
1.3511504249116375,0.35766053349166926,1.2226302130000617,-1.7482522341854665
-5.190669125546492,-5.745276016474944,1.6164666225138635,-1.493395551662764
0.71786357767215,-1.5564755490397841,0.16762268690816295,0.20711905492756447
1.7398401643686972,1.1246041796660253,1.0589740471321898,-0.32636047967944243
-0.4288909573874645,0.2793979304995091,1.204511513332554,-0.6708183436462957
0.8388296376097232,-0.8467312906968495,0.39843781855041516,0.41984197028916714
-1.1204918494727738,0.9365827239315445,-0.6110973676545639,-0.16500480988489497
0.06708726015130828,0.14057473640086376,-0.9820406143470033,-0.055741138484919996
-0.769893063356085,-2.0824440755682967,0.994539730266001,-0.7754590643465404
-2.2644492578575868,-1.7469909039190363,-1.5259123149617615,0.30656724271593944
0.427484738632302,0.0585364133541208,-0.30858781926813206,0.2157879623487467
-3.526712195649929,-1.6118720567512712,-0.898773350621116,0.5960816383011303
-0.37591793285845976,-1.4397204447379184,1.4659893826222645,0.23122464107632076
0.46337193891119155,-0.3859687285308727,0.7628346238231491,-0.6352728890161593
-0.38453790680246075,-0.7815968749285322,0.5349453283810939,-0.3093659327205474
0.21624769065160285,2.618562326057583,-2.911074839977431,1.0898296487150683
0.3995535475005055,-1.050275361090694,0.9767519624545843,-0.6119453793557865
-1.0072436745996185,0.5514668681981933,-2.1787100847852563,-0.09023406635837201
4.748010830300146,3.8122930569506313,0.16398771487421746,-0.3203587970283306
-1.7849941981164632,-2.3358476158761583,2.4162630624995005,0.1754849955451556
-1.1712947710096095,-1.0721675600888925,-0.8170387523054411,0.712688147450854
-6.09857411171285,-1.7594825908906158,-1.4016525884070048,1.031737745100403
-0.16628868208006808,2.671216473542347,-1.3839064111555097,-0.05153217869451657
1.140469584872944,-2.1198131982003163,3.5574322034874406,-3.2175588961084403
-2.039869030304902,-0.09348444251730137,-1.0293579353052311,0.42024918686745477
0.07874699872308957,-0.7349519038393375,-1.1183309421188983,1.3070115140072711
-1.0055599142001883,-1.8974417331734525,1.004677730999234,-2.0697441841421123
-0.5123276484480741,-0.24940544813744475,-0.5022731138036346,-0.2720462173453974
-0.7695740899622807,-0.5406886519095848,1.2501120378770563,1.0514583666009514
1.121253418097331,0.27996785947967506,1.1390008657960426,-1.1284683089185135
-0.06158982357213619,0.28621075069289725,-0.017323144641202742,-0.24579117598188854
0.36025682334557735,1.0328122843328216,-0.18885581272379626,0.2955799864217909
-0.6341344149172728,-2.4876806874161956,2.1093891932670843,-1.2638781691681955
-0.8124070230815408,0.41505696028055805,1.866377982242668,-3.0837408759223597
1.7018593308084828,1.3774473660733766,0.02611585635886815,0.15792111315788634
0.32622537634601123,2.9709942143516956,-0.8750008125315857,-0.46608271426802783
-0.6639642563888402,-0.7368637353355048,1.4291174683857404,1.0748903234402918
-1.3782403370521443,-1.1632225998325052,-0.3947777058145886,0.40438634768459547
-1.6769423212538064,-4.3488241510161245,1.4692530114952231,-0.7654970015935697
1.9608057246809862,-0.02612130447313943,1.214169239268717,0.20897132975578664
-7.486127249049602,-3.1922617851905453,-4.392990766035943,1.2136773249047783
-0.09842355969803146,-2.8355774891165457,0.4110519586258431,-0.31526372196493585
0.07420161194690311,-0.7241611586232325,1.4545059482700289,-0.859176496423076
-0.14680602405399484,-1.4877387130342212,-0.6247714619906728,-0.5196812249903344
-0.8105159293245499,0.9691607355945411,-1.7559319404194882,0.8333109910963842
0.3432470410712526,0.16356932725876405,-1.0146274022492365,0.2693227719689391
-0.9050531990431367,-0.3623059252778178,1.0811229215917422,-0.8173388738291313
0.7105771525186997,1.3704684162314524,-0.7269038864764013,0.5953581472047944
0.1600703981075926,-0.9141533599902996,0.2611006139827586,-0.34464406197547354
2.6348751818684724,1.6163380486105985,-0.4771186436340571,-0.2559799110196449
0.8736472333439987,1.5638362072539462,0.33343426607821164,-0.17773858278349608
0.40678041829066536,1.4474610881886276,0.4040826899653562,-0.9691913796007808
-1.0565233452949498,-1.61769069369238,-2.3053056144690123,0.299211767366285
-0.5581758901440907,-1.1834556152194327,0.6030846329979813,-0.29730538124477984
-1.137551123297919,0.818076996552533,-0.8222581083980137,-0.6310393185621459
0.41666641888005057,-0.7432926205834054,1.5944851563522824,-0.7195816388231175
-0.5056637084804227,-2.8889879636558478,1.3355542741964752,1.2698649996454037
0.7446653550530438,-1.035909284405399,3.5442340785611464,-1.5881703815985484
-0.432911513163614,-3.561180007927593,3.59770815139379,-1.8784047533215578
0.7514617365569742,0.852682250170747,-0.7248716350463256,0.8263148623611857
-0.6985491123408694,-1.854767013422118,1.599627166547697,-0.10508403739310958
-1.7894738137328052,-4.054249025653256,2.4988367337184676,1.447824636793853
-2.079098863552452,-3.83017997260278,2.710951753538041,-2.346937888585522
-1.9144305951087606,0.3762488324291485,-3.446027004498157,0.9270006696999811
0.044563759887964516,-0.8327200605294167,4.305566189590101,-0.2546465211572923
0.4785883800157803,1.7806067929131775,-2.2135465991058827,2.159617679256755
1.2613285923424458,2.7381120666690992,-2.075194153635627,0.10450764327672495
0.32011607162784955,-0.8937037014511425,3.157956314346071,-1.800384597423935
2.9956700974779626,-1.7281537274377343,1.0882928936488403,-0.7859538595495107
-0.6175977184435104,3.687216401400796,-1.3949911552885825,-0.671724357919885
1.5145106420473569,0.24912467693064522,-0.4008743581061676,-0.044463419434570606
-1.4745978674209108,0.7285902554043884,0.01727292160579501,-0.0526919353853667
0.25387466908069467,-1.5601495744173968,-1.197414184105124,0.04242357184875429
0.4584134252777998,0.6292553771994455,-0.35544565155845054,-1.5068094658622906
-0.404918419260515,0.035727606034501425,-1.2081093252481012,0.10556484866162817
0.14033006903387074,-2.4954985706078774,-1.6903632814982599,1.9423619113826718
-0.05755767530149308,4.159791234701593,-4.083919546653287,4.188488287209512
0.5746243459290162,-0.9087497930752941,0.8893049589033486,-0.659976964449908
0.13596505433666917,0.9375490643296425,-2.598466783585639,3.141788810213176
0.18621518935357695,-2.2470057257116927,2.636038351178039,-2.228253301640653
0.3938591201844951,2.117297517271912,-1.6043860982254419,0.08241733594647321
2.934771893166132,0.7127949643194162,1.4440109541273445,-1.6942239015094938
-0.2845796954533618,0.19834961541566198,1.0544355055756127,-0.37867624725477694
-1.625676213831845,-2.1998392902230277,-1.4130965337205383,0.2534494337943414
1.4003584043163733,0.07978136808759029,-0.28723296348355726,0.16764447395192977
0.9727869151732573,2.199723239081804,0.5536521738609469,0.12339397918518956
-0.8441716109377777,-1.6792719546412507,1.9343274574344775,-0.5873392149268675
0.6838974227758878,-0.30609648043209225,1.4063639442147111,-0.47504373323386323
-0.4035524686776096,0.010749687857317489,-0.32762113311500923,0.47123353688788866
0.9960812157410979,-3.115667384726942,0.06305055124085457,1.1910420423488048
0.7285248721748215,1.6637838152792623,-0.15758050708904714,0.6913307691100593
-0.1782640374616632,-0.7530675831344347,-0.993574968081691,1.1518255608025807
0.48288408577401865,-1.2016079652394367,1.0483420412606728,-0.26038892082087217
0.572108545351492,3.2214726919917362,-4.467210282518964,-1.2886385768760735
-0.7702111486442855,-1.7184388649118203,1.4497959440685835,-2.84485390152657
1.156558892043734,1.3968390963908686,0.208683609044508,-0.21734259771111925
-0.5714749815252091,-3.869074715334868,1.8796269783615371,-1.5688973214693527
0.08365411626285835,-3.310426643322597,0.2520565149604353,-0.027170472351155252
0.3849459654850974,1.5692761815651433,-0.82978755576435,-0.43972119225661865
3.1770631835038423,5.2143982827005875,-1.4546366822228582,0.6769794212571054
-0.23691697233853154,2.1671853939363857,-1.4433980238163397,0.04144005406023842
-0.17628520973137068,1.896715981311742,-1.4279388205395245,-0.7513798689706296
0.4427329194166236,0.1652249621090991,-1.1725398127348599,0.7618052108480831
0.01113171151843495,1.5532123939615405,-1.3100825459537213,0.3217305713932822
0.08224377988243836,4.199094611455564,-2.838141966870106,4.031531108053987
0.6464942602653925,-3.4907290122862498,3.982410344052874,-0.9017156287414856
0.02675299807672238,0.8039497582350146,-0.25329272427432825,0.5116658414651114
0.5732475055485344,4.605826013664149,-3.885101742326828,1.9606552459113975
0.019264533582934895,-0.3021369755818949,0.609945178880893,-0.7961046750063112
2.0266275827916846,1.740886731229754,0.6513593275751424,-0.13884744237046415
1.9965169410196602,0.4663130466426693,3.7052308839960757,-2.3057495389170786
-1.7102210381663396,-4.395918052656453,2.8963242327617964,-4.264534654544214
1.5147942083296684,-2.6057420312866295,0.1383047213902889,-0.22605771912018963
-2.348530670111591,-0.8083061608423937,-2.1293588188269807,-0.5700602281796091
0.8951860608250761,-2.589028082894803,3.5050457514510707,-0.5956127900419378
1.1397946606607956,0.49761301528719404,-0.49021819400318634,-0.15341489990395002
-2.5801329012926115,-1.6016581013135625,-0.7872336688724529,1.224785380593754
-0.29298339654245303,-3.372807383938229,1.103737316172671,-0.36839927031557584
0.7085350019564988,-1.2568697102165787,0.7490661133732149,-0.7474584589616685
-0.5328425111256139,0.4916003212825885,-0.185339460781194,1.44507340845462
0.07518893801945786,-3.6007945576189138,2.948809052390207,0.28615110224290735
-1.0287716920195227,-0.7962998282780096,-0.9091068756193488,0.5984034431578851
2.4329105408028777,1.0609479961492485,-2.9495990427734666,2.244995429442611
-0.06620668960584875,2.5616877576137815,-2.2300181610588092,0.5798472087477176
3.2828441464169487,3.5632606707588175,-0.8697463361664151,0.09454263661451547
0.87031991989095,1.7098787739954067,0.02575287590210637,0.08893133542993512
1.3154856019064218,-0.1781365910339605,0.5332310178697819,-0.7934226399923888
-0.9729044229088787,2.128109595034018,-1.9789017225997563,0.39805636426979213
0.7393066555366011,1.73714965454589,-0.47078548498773937,-0.08302892225240052
-0.11376490940715181,-2.372618572942468,4.422769296150482,-1.4966814709922986
-0.5210675519211168,-1.4905092477060184,1.3684053410943755,-0.005503254535620813
0.5957233959197638,2.0987827397184073,-3.9573397053940518,0.7274281885060286
-1.1234522435388163,2.033143880596324,-1.0045196752927632,0.3845729756992897
0.7109052316327534,0.5401957550416602,0.012169557929539082,0.12824768090351524
-0.10282184825627155,-0.7177637137281976,0.8750788751577415,-1.6696985554133295
-0.5888527579808658,-0.2083923071494749,-0.8881244710360816,0.9080457564138861
0.21861694695298375,-1.1282519851259367,0.514635369610833,-1.6776314037752027
-0.22910246494277176,-2.2923089098681078,2.1708507900186422,-1.6709293001695267
0.25796914512681435,2.2390828071545403,-0.5297816628622194,-0.47048661983326956
-0.1597615998787342,-1.274892606068022,0.08718858173463016,0.04121899675595356
-0.3563533335877599,-2.541386865802155,1.3587303116398206,0.25740673381658263
0.23954305941334084,1.9567241975017102,-2.7188452270294206,0.014202588708732438
0.9273707937977835,2.5637658385153834,-1.0101087387120964,0.625994210203248
0.8799118155228971,4.380035352806602,-3.8213697657970904,2.7412723075513616
4.08315088884919,2.4163586160679538,0.3577462205420725,-0.4473287936234375
-0.5708309934344554,-0.18445081933052965,4.6239767719852125,0.5985119485812697
-1.3525870446840311,-3.231054515031235,0.14370258207252884,0.37435610422675963
1.5144295270487238,-0.061078187619050095,1.5867872350004661,-2.834833245907709
-1.109901077014828,3.1543026474720053,-3.065564413144169,2.935856731330623
1.233412426998747,-1.2060884155765725,5.040808096637178,-1.507346727347548
-0.65799005028274,1.373287895759943,-0.9890879335430092,0.3614518170703643
-0.13746620610267649,-0.37122795657238705,-1.9508972911229348,1.4256334053521231
0.9782089222908015,1.6978244964762892,1.3388265169733715,-1.7466392558766055
-1.221056509672723,-0.9294398517158992,-0.30712689469943594,0.6526630378959744
0.6794788715512513,0.9228500877030571,0.8023928571175956,0.16782647378649157
-2.6560098651737105,-4.834855732772562,1.23794170513391,-0.6773727553042396
-4.864356539935412,-6.868807907420561,0.8519431261822994,-0.4622907664291218
4.003593274496885,2.6829354337116476,-2.2507832929692273,0.3718825954258194
1.4133480742654465,2.250506786409329,-0.5084247294540553,-0.3845451856109277
1.022478679441002,0.9994254161484094,1.5191039986257344,-1.9876954274077152
-1.2015199697141439,-2.8702515551593835,-0.4719126942869646,1.646183273008711
0.25871369509733355,-8.034384204447127,-0.004002966995085844,1.5979777138886848
0.06486861622553286,-1.086358637430437,0.6633881315157956,-1.0842297922729012
-1.4120505126848655,-0.40734314219099577,0.04230509472869859,-0.2702038703773816
-3.3420420575605894,-6.262924843327564,-0.13388232204457318,-0.042761242180791484
-1.791265053394039,1.672577150078685,-1.7979318111817624,2.695432461843084
0.5880487331411739,3.236195997536485,0.2215815537697149,1.0557772592622916
0.1782723271539173,0.28336748078948165,0.055573785563005434,0.27798127042742976
-0.1296631696838058,-0.685869252424636,-1.1008885720131376,0.3149549004233006
-0.30222458158842375,0.5442175045519095,-0.6595076998190701,-1.9900991624482882
0.955195321316971,1.2165527403392713,-1.4168313137483879,-0.5662381025549341
0.07258508198199415,3.6160385139708793,-2.5825939633247734,0.6170982111242137
-0.5775033946673039,4.392659334556909,-1.6010608479138864,1.4045541638438275
0.14656820596118703,-1.249189722724291,0.8760472665086187,0.29082345902564527
-0.5742762416127232,-1.1192117156599046,0.995799871796881,-0.15272564441453723
-0.757430749763045,0.0009352160317503896,-1.151020555882827,0.3822127618818867
-0.014141678888020585,3.6698955603809744,-3.287239296682032,0.6446075204986261
2.803908823417518,4.310049339151485,-1.2186969177117077,-2.0450494906179473
1.8187206178354038,0.01691046791416584,1.4899754313512992,-1.8053668668187528
-1.2135069407002532,2.092854153772959,-0.7434164253428965,-0.38326623706963375
0.8451820622346669,0.6743921915071103,0.4278688991001176,-0.11598090782386325
-0.5608583222578808,1.042792452246711,2.0077372020859645,-1.3341313126905752
-0.6308462491838721,2.3934355476715083,0.501817087831776,-0.6436881254863908
-0.16744696314509913,-6.975702853110751,2.064745709225859,-0.6200493482130865
0.5721707213339935,-2.9994660926633596,3.878913450624515,-2.5315967030230038
-0.3239333208919981,0.09465889226058705,-0.001317856955584354,-0.06263787585650993
-0.1069393518131786,0.03946562759111316,0.0012748739796605846,-0.062420737511739786
1.214280281702993,4.079030690981575,-2.379305532570727,0.07689721801180144
-0.7371219784961274,0.1405908662349865,-1.0856628434977142,1.164268955412585
0.003455244044603234,0.6803257926715554,-1.7046433108624761,-0.8277770764136763
-0.7952048411258827,-0.9015576193807158,0.1426279695752135,1.0033867058095587
0.0304353451190435,3.3249610661624818,-4.059675053812782,1.4259726545919307
0.40136053131811583,-3.633718471164467,4.046484351724183,-2.4112049584870667
0.436013891127528,-0.3576282539206029,1.6616118799500172,-0.24878871302277086
0.5101599446302201,1.172829157659883,0.0507292793992391,-0.6609772110017764
0.15255106191624362,-4.859433973765929,-0.7735361449415812,2.3866871262685887
1.2035201846014696,4.821221912298315,-3.0066035911147115,0.5711848892169371
0.5571240566568716,0.06408370326785096,1.4955658240994794,-0.6667224949815637
0.41720920820467633,1.0668906077492393,1.5680384607252729,-1.689728736759074
-0.5628451005334726,-1.306046118124019,0.8766994704007518,-0.21260000623895725
0.2734031320512514,-0.6005124431577155,1.1971224099266262,0.34558290300559547
-1.2504217267316897,-1.1663801742430173,-1.4670213499297486,0.004316522718107678
0.4896426432728921,-0.8496149371008608,1.5827793808044914,-1.0679949323658946
3.7828844269617328,4.008899841260107,0.09227261747631055,1.073048246393094
-0.02117080448026011,1.9363261777205623,-1.8373320683210792,0.06719313363815478
0.6955446352580026,2.2296635808327916,-2.3257061499779064,1.7162955124095733
-2.0052667983158066,0.2251754625673471,-1.1244729905411261,1.0036105340139936
-1.738616831431096,-0.9599678927187485,0.273788227948615,-0.21344606388333565
-0.8432491979432603,-0.9340219831487053,-0.4358386541733382,0.19914762758239044
0.7223827351349792,3.3923850029409355,-1.7702747018660294,0.17260813436697994
0.2926031625047543,0.3139394045298418,0.30518312890930543,-3.704220283937194
-0.3202560284720315,0.9904803695243598,-1.1507737877682014,0.053005493834949305
1.1232030553795438,-2.5154150112498934,4.327609839062031,-2.4128810902471285
-0.5014054616821444,2.869882916924832,-4.341342661631105,0.0350871819423758
0.079715144693318,2.9097239839916487,-2.355450459446707,0.8757260149013929
1.2195957150170924,1.2031083240339058,0.11928342775329369,0.06418731857159744
-0.8455412347309095,-4.488103409307598,4.232966403513621,-1.5581823593871276
-0.5587246646008207,0.48293883383978864,-3.9877567996781433,3.0989669610694865
2.3226328611695193,1.5065930163825847,0.5677269950594565,-0.8729244374441818
-1.22987030143734,-2.3021433418799466,0.38055288923580005,-0.4677461438598431
-0.5158403358753393,0.07490844311286214,-1.251027849954227,1.1115773918609493
4.696364389127618,2.4845530717603337,0.19778701187236425,-0.11849593508586574
-1.241723099236678,4.903642055518665,-2.9909379866308403,0.2404864273017407
3.1225577622916765,3.2784102912837088,-0.7312934062799016,0.7920348747967269
-0.46398296580831033,-1.664523394707089,2.073362116933324,-1.0886404377348355
0.27727578349416654,1.604933395878262,-1.9558542972479511,1.0602475598211494
-0.7271594309266096,-1.134222863334591,0.7033479898986738,0.43815563256942314
0.3939275776949609,-7.429166430205635,8.424714425090821,-1.1071967270950231
-1.1373274620395573,-0.44039333684195825,-0.03756696529079895,1.0037945762124432
-0.25785918514416445,-1.5312678808040383,1.320632998611252,-0.5091956675319058
-1.3602492832425048,-1.3927663283457496,0.6848177372542581,0.6192204743349031
-1.5352125151394667,-0.703259722094395,-1.2505526909388185,1.6813938355133657
0.11973689323837983,2.294115515484608,-2.277086441771358,-0.34683567852670194
-2.2062687304083317,-2.4324223413663137,0.3586944322736083,0.10385604661285631
3.227144061984662,-0.666876325734748,4.601807750334215,-2.6747723205439353
0.7307541524326531,-0.11454107639363881,1.434406091471723,-1.6748042886194114
-0.10311997700428632,-0.191633114087461,0.14901119568159962,-0.017312647711670223
1.7782447843104612,2.658422913707149,-0.5280585037020793,0.23763632387828018
-0.3133081695695395,1.274188364580173,-1.4673014436695762,1.5554475482415597
1.059227681579928,5.957719990517475,-0.2230457815918439,0.20188795905971482
-4.711082267874653,-6.2650469902755495,2.1732391477274535,-2.1291097342330803
-0.5505749779206237,-4.15112282607757,-0.03487724710888673,-0.7323771567662759
-1.331083994665782,0.5262170669824682,-1.8511194055620601,2.8658640658768846
-2.8406992924108163,-2.847989122874704,-0.330903988748632,1.9555601328393997
0.47013108281985894,-1.1439747175395145,0.7537421495777954,0.3080048140910302
-0.011147791739688544,3.723438600246744,0.34022470677480743,0.6275511807250886
4.73656923544965,-0.05989901226077965,-0.9260335092058134,-0.9130409311825686
-0.084543758029334,-2.751887272934469,2.4109795565583934,-2.426744852807812
2.5520286858644203,-0.010069382961560569,4.913017971864614,-4.480157431477048
-0.12350893741825231,2.2307574571184565,-2.8350116148537405,1.4646821599279407
-0.538142438410485,-3.578381989562283,-0.042319012360260755,0.5911304002321601
0.23352874331775814,-0.23955110490933018,0.7316930230319408,-0.4905742707583542
-4.5311505523257205,-1.3850257081566386,-2.036080804406311,0.5033743736538081
-1.5127004483087994,-3.7062598139082863,0.761174846394275,0.4517666004757981
-1.1886514263455397,-1.4766784460944433,0.5836115933519027,-0.04445382289203449
1.4280508975509243,0.2595774815051508,0.5269480475047659,-0.862217068258723
-0.5231650166311439,1.72049750420019,-2.0928390185807864,-1.1885615733173538
-0.18455744737968657,-1.6715802730993867,-1.8233983250720514,1.1534745527461814
0.0528264222222479,-2.0232339823130348,1.4648778684295372,-0.845701460104728
1.1567865309138325,2.548484677202281,-0.5982080353089438,0.5790739630383004
0.3548620037222522,0.5163577200034368,-0.04628369058666966,0.1157641081417435
-0.37171821448232517,-0.1576758079717081,0.11043063963714495,-0.7564983885891458
1.947434233937593,0.28244058619764634,1.8186295004491742,-1.4275023215830023
1.4936366309758362,0.92117653255035,2.0372953833589444,-1.1480705654589014
-0.22582305001788328,-0.006630188222819244,-1.0535493737441843,-0.6104726870947518
0.3766996315076526,2.199563889944298,-0.5160838011989548,0.8347874174833645
-0.021130798872072365,2.5875532042099905,-0.5423563414555002,0.18216121240111283
2.2760845939966337,-1.0493551950847673,2.618093966181261,-1.7992015546852107
1.1361249929815693,3.1779888296873553,0.03444478864307317,0.13922610861279702
-0.49483628248949807,3.2859653192585734,-2.162236103681316,2.1712729553759957
-1.3313685134534536,0.9478117241213948,-2.8435233366230026,0.4312139663648699
0.8982865944183313,0.10361830071640044,-1.2717233859709962,1.9685582072136616
1.674281880417377,1.5810642371126917,-0.4203261077591236,-0.6763632864350408
0.5835644327957343,-2.2144420040929464,3.358408456228103,-1.3501502898604532
0.19844035549088468,-6.621298338561838,6.886120353897969,-0.05043764403427438
-0.26517618571663637,-1.2890152111825126,1.3179065716728207,-0.002862494018228176
0.5477267448622833,-6.162804100168549,2.0837665287746803,-1.5052803988268284
-1.3225738618652392,-0.690014876284498,-0.9862117675315978,1.2655410596205585
-0.27357406396475936,-0.6221279800334161,0.8440988900548148,0.5785828896799038
0.8954596617995118,-2.1877082771416756,0.4060678870241193,0.3501623997032538
2.0463216997046336,3.707449225169647,-1.1757571499927824,-0.2363950816772002
-2.7458340304819107,-0.9066969517475808,-2.1276369288905435,2.979536587980821
-1.5248802817958975,0.42003259255958103,-2.6025678464055817,0.17239163496026996
0.6835113217445731,-0.7384050154702115,-0.8093140871700886,1.0402080867951486
-0.7054814737978183,-0.4804760807376234,1.3181276501785333,0.4717473689517687
2.2378539061994176,5.0957986717985415,-3.237094174744945,0.5426017360903646
1.7858910968651787,2.9934698764478656,-0.26930411382200636,-0.41478001949374027
-2.742351895476058,-0.5184249021627615,-1.448356348235494,1.4076979496212132
-0.4841251771463405,-1.7568681141821956,-0.7400216384457121,-0.0944889601807926
-0.040645638941004064,1.78267673537177,-2.9638552555791917,1.2526698918211119
-0.8505989025947666,-1.2950777030096994,0.12803613291402569,-0.30724919729094236
0.6816957381900357,1.2217139107656276,-0.476787214691501,-0.38037148668717036
0.08816551174265605,0.10173335030265913,0.2625982097626446,0.15233478528436556
0.22468064039119215,2.049290255424033,-1.1321392286146308,1.4209281657629462
-0.44927463362468945,-0.7462974234775277,-1.0881258328476147,0.23862925054747977
0.31656098440473146,-0.25424502904048446,0.6881477251933854,1.6040048238864388
-1.971137917806367,-1.990470606815572,0.467854465404705,-0.05466553929310696
-1.3560756367020612,0.8901470906503555,-3.343341055001602,3.9331336337221696
0.43388948535746974,-1.1828586988148337,0.51145355186892,0.341339351108832
0.21103617628884566,0.5931598925337477,1.0511297712337693,0.6001203338482938
-0.4669596321913191,-3.188311619218116,3.7049595415044476,-0.4615687776125432
-1.4187448048457725,0.22674106517536208,-1.1151742654659358,1.6758017134692818
-0.593000973535017,0.06329912663412637,-1.3526883620902568,2.2518016707116777
1.0112364171461645,1.2308998393878867,2.3058369348989114,-2.1098359914021043
-0.9657622622549515,0.9809168042684208,-2.4130173542368287,-0.005389605528309967
0.8167304500751854,2.846214027019268,0.09239350040397193,-0.5044569466526805
-0.17221861286439655,0.7061748255862115,-0.2920998078265402,2.5852186768775844
-0.8010577080953212,-0.542129384247107,-0.17167129591982816,0.09840617760866971
-0.23221664695732283,-0.4399330131487812,0.45897471698247116,1.301670757984711
4.921377760534528,3.60018265971696,1.1773858125381393,-1.2946340116417496
-1.701306028856505,-0.6665882767177237,-0.012861699891274225,0.3830592969474952
2.4318270411107816,0.9924314097663227,0.22507568401919933,-0.20659604461415795
1.819595298953143,2.131052228058256,-0.9694046771436617,-0.08563745715395932
-3.0007660885845873,-4.802434581723103,4.2345168951148,-3.647386880737916
0.2281520430596391,1.966390617213933,0.06135562963976127,-0.3423746636566031
-0.6966683339226456,0.7771330097515977,-1.1232151819808807,2.71969821942045
-0.446694379159256,0.0563053754610322,0.32683667474701367,-0.47803600361466775
0.3109645735167904,0.9266650805804802,-0.9520639634144095,2.5299320846167315
0.8971499894965544,1.8843242285921609,-1.2448419607238703,1.1111373862934861
-2.430768996225557,-3.3708071276909783,0.14302280571385695,0.940343299534176
1.039099030246184,0.3382298167777995,-0.7037966817503508,0.02980708433115608
1.5936923256021795,8.702235787419689,-6.841971027338158,-0.2162563266323139
4.085035754695234,1.6380920503918108,3.425694394450891,-1.1789093685210554
-0.1484367285665701,-1.263756041015592,0.29360585186005284,0.025769700457193366
-1.7310741071818074,-3.7498959707593076,2.246479332890514,-2.7297453989287863
3.9010503707032442,3.8850397206036824,-0.5003060143252797,0.27981857063721716
1.240144743024078,1.984407998263477,1.7921905319929017,-0.1848754650655623
-3.3799963593602147,-1.4436372615528024,-1.4350643931762352,2.9709319079109457
2.8289465784292345,2.957690183953,-0.5386527744930446,-0.7822214428152655
-0.093833289066784,-0.2983895633266642,1.2688936703631781,-0.7989957405546483
-0.47462703299602904,-2.6929377135716512,1.2729954734338722,-0.1566495262461039
1.6570382006588267,0.2557193343889963,1.3071110112658517,-0.15058367060604003
0.9091768274017826,0.5455622608593917,0.8570260479951122,0.7470052922340139
-0.4649329679591597,-0.15767271428987087,0.2492812308691429,-0.8942314074691826
0.6615248134031193,-1.3112249970548704,2.0428837352301215,-2.723886207515764
-0.5521816049516036,2.7801159951213705,-2.892680914036451,1.4229298872086749
1.0999303554661504,-1.385265129624143,2.829959499106603,-2.350908959730387
-0.34479054801399794,-1.8444005153539063,-0.9845285006342256,1.0486106088390164
2.1606288663998217,1.960070948003531,0.2279470609519556,-0.5446265127534825
0.13982999456761702,1.9160078998403507,-2.1556522406083394,0.06618612619339313
-0.9997119113147872,-3.784848879638727,-1.4105137069662939,0.5910537820992168
1.5245595936003713,1.977448149915383,-2.1495736375352483,-0.13357270408763572
0.685031950766665,0.23922422898995996,0.744098192747944,-0.4777631337885993
0.09031848649995972,0.4288878253515178,0.9382167491899698,0.7300972608670832
-0.43832292030799325,-0.10703470493755918,-0.7927529263727369,-0.6819556160424354
-1.362740060580362,4.02709916083119,-6.8817293846578185,6.999692336173851
-0.5862656151494396,-0.753445859856817,-0.34951212176458124,0.08876783530557414
-3.2883679585199674,-2.3165608987903603,-1.2335827003878117,0.7085845278921508
0.4578883943765571,-0.8732443234851359,0.5004944169844989,-0.620466611837109
-0.10605574627266467,2.4851083939228547,-3.3283670037915223,2.2868815785445267
0.6181307889903129,4.769909712434805,-1.7805949811359416,0.8243127029821826
-1.0540085512104325,-1.7722979718623415,-0.9270169975260536,-0.10800033971468337
-1.5658499689466865,1.1255102033346278,-2.194334090054534,0.9340378262445601
-2.642513328315851,-2.530380909540046,-1.9429787926674813,-0.3722119216778868
0.5000346045797918,-1.07716025018359,-0.4187624231790873,-0.851470931663207
0.22395840869096945,0.9583263247045444,-0.7914649743612364,0.7538281552383591
0.10626252268309341,-0.3916808941691235,0.4219724345204042,-0.4716561288268446
-3.7426040244781262,-4.6108729017639805,-0.6220416007837734,1.67741926716412
0.2746643815574332,-2.5051306733100973,0.3770234551697387,0.9041021184256488
0.06451224818684126,-0.1551076965610722,0.42296379952274094,0.1255193103335654
-0.15364856866688104,0.25524238040869496,-0.5554102597630298,0.0849797703909855
2.7966254371854125,3.7162284031690502,1.8071389974351766,-1.4397596228932055
1.4145772591799604,1.1361917294490604,1.6462595773109525,-0.7908597615686702
-0.5736808412406172,-0.8755254142270454,0.7526565981436059,0.28775990504120696
-0.13799366471276409,-1.7555068376134009,3.7368394655103137,-1.953456488709455
-0.3991268588915146,0.9289179050807228,-3.578004991268251,3.3190110205722663
-2.7749060528048157,-4.0517196282311465,0.6055663040198895,-0.9839571231226754
1.981315677771343,2.7448003424778875,0.018835767186605734,-0.1944213599614035
-0.7592797000209724,-1.7094649609354646,-0.5453700785645097,0.2370010408857518
0.5233053779537848,0.7329861924368508,-1.5855318279612407,-0.405077402487671
3.3325162981467935,3.088684239445836,1.0777597290549628,-0.27065180377372144
1.028684227663637,0.37060718791404457,2.1092952916804464,-1.4593730838364345
-1.178328183000684,1.4561642391475034,-1.2787194929952945,3.948871861490348
0.8414972477267402,-5.589690698440961,6.352556530296159,-3.773944239724077
2.8104485748439068,1.8374693503718142,0.03064062186076373,0.10044969214386452
-0.9132448732158553,-2.1450657870900045,-0.11532895092478745,0.179565111504468
0.013458544055989785,-0.24056821614619184,0.44931117798373665,0.23694502808575074
0.4824896557282123,1.7039950702005553,-1.3357014864646337,0.10448593939062492
2.079963530382863,2.861959753558285,-1.0664475603385863,-1.066470788602844
-0.2618474473816309,1.8842512002622376,-2.1222001188352855,0.4969144269004248
0.5166092718118984,0.9946068486628866,-0.5808111266027092,0.33304745261126417
0.4681419760497179,0.3987914158148198,0.2727988430736777,-0.10383617818648952
-5.413211876229256,-6.0820881966153175,-0.45304645968155843,-0.695051525320956
0.20804803058441745,1.8248068259834322,-0.7598926355052504,-0.10739648681691882
1.4500999484899362,-1.5789408870427193,4.025926818771495,-4.315171415571395
0.26108063434274187,1.4809598019410444,1.7262426956096817,-2.2928537086344876
1.8930393687417537,3.141219823081336,-0.8947629430947764,0.08771724399644705
0.6179089132238111,2.1789013316406804,-1.0769787097061903,0.2672235056870846
0.6896760547082504,2.6224396607466813,-0.4211100110390111,-0.003926914130860293
1.2302895572443455,0.28967333820187346,2.824412269458671,-1.7802106390952814
-0.2968316846100769,-4.619318213789358,4.873802018585679,0.025782314336357533
0.4045418133211509,-0.9149362187170195,0.4284536443706352,0.09844220440403643
0.9641149445702129,4.736061224972745,-2.6210983219728217,0.36815224934780494
0.1351435159216104,-0.4834166482697506,-1.002415184869066,-2.8300803819741747
-0.8688849535613541,-0.5201428509747816,-1.6596915441505402,1.7278643633135615
0.333105027884142,0.0912078384707905,-0.48219110698876666,0.21590920786034
-0.47551691266430357,-0.09801638298554849,-1.2858127085110078,1.4693656545647127
-0.22937406110511285,-0.5239901852441929,-0.7105856064695326,0.8522343739451181
-1.0399035185023664,0.3307928641794836,-2.426586989593805,3.7017290449356555
1.3884681502032794,2.229063417358188,0.36250731829545013,-0.8856771216520842
0.9145290226795452,5.096274517090576,-4.196485439296416,1.7749871335468945
1.5674079800641254,2.4092169573951203,0.49190583996658804,-0.19518927228440056
0.05511754873256229,2.172447506518056,-1.2411215911266236,-0.0011371065269772012
0.027486506313054628,-0.5021471064978975,0.9967051368650774,-0.17580774977241567
0.3251929179303924,-0.1130448630797068,0.5846825529559554,-0.9108121296463648
-0.5019024487143152,-1.0601541938533416,1.9109752128969164,-2.8713479843218948
0.1270449019713537,-5.116565753542508,5.152238021601774,-3.772915773144934
0.5040145740117148,-0.48266307660501395,2.1344371378004694,0.033400411512793715
0.9706102081342378,2.392895210435573,-0.6178143156850604,0.5818403544205183
2.589861733347205,0.4809210857404713,3.4652985272102734,-4.13962589163178
0.39375774528746665,3.3336893000839254,-1.2919086278779162,-0.6738064288731307
-1.0666982378993854,-0.2224648280147472,0.039137630790008204,1.0677930908046285
-0.24280264476517116,-0.5598072296106126,-0.8766652943859963,0.30711391438809044
1.743806198807059,3.8744697186755204,-1.4721786352079411,-0.45064356962941815
0.05947192070619845,0.968735992272208,1.2007866805987022,-0.35985119706048624
-0.0539951534222302,-3.737667655279774,0.13445909469621758,-0.3716974471847735
-0.03700121348841984,0.3916764203551142,0.2584716577345719,-0.5244416057591144
-0.028136476586637222,0.5898287295405001,0.0750963052226142,-0.2618749794120802
-0.15977928012611764,-0.6086141155740764,-0.2564003066935472,1.2944257256374194
-0.26658838146121955,0.5362870473049901,-0.26306288693135627,0.0863634636375925
-1.631740035488636,-0.840531645122601,-0.9344951711949924,1.4410672376714313
-0.5032192463027841,-2.3598347073963257,0.7728436651248944,-1.44041236397166
-0.6435153494217453,-0.12432005764512055,0.22392200252539457,-0.7185491663461976
3.503995543556144,4.146653840472536,-0.3214659947530957,0.15527979268673536
0.24522838193166596,2.573228981314302,-1.3705557756697258,1.3584334762354828
-0.15975432392306688,-0.5326150819108114,0.8759524987516663,-0.8981211147985425
2.6143120465241894,0.2618332257279529,3.199651684107775,-3.1171555305153777
-0.7262062138439975,-1.512876873918001,1.4983076971753728,2.011816305477227
1.16672837197083,0.559336496019116,1.7212430111812995,-1.4759060323273763
0.30761021472980665,2.9246282805240966,-1.767898181157743,2.3318497302553807
-0.05813918880936389,-1.7115721829582733,1.106606864934955,0.42540184882201315
1.3912701361541444,1.6513356888350472,0.13526962375404383,0.5608610251020439
-0.13143339101631843,-1.4172114272474214,0.7701046923542983,0.7037564365067959
-0.2832332204237363,-1.1117904100192812,1.2496317360307823,-1.3673829857700615
-0.4955968308532577,-3.5349403091663794,-0.9196278386189063,1.0249832239418
0.47426712656803616,2.368758308455667,-3.3007862190624597,-0.199087149738912
-2.3584520380843563,-3.6313717165746433,0.7175142176687808,-0.8772798518430058
1.0068811331395053,4.103019952966992,-0.4811451908772848,0.6658493386995523
0.10370294229334863,-3.521635668566617,3.9270472852445937,-0.10429758860810912
-2.8042083856863145,-3.2780289182129465,-1.987500184882954,2.1636224208529566
0.3447331723096832,-0.5840651445691905,0.001913802924101815,0.613355862932613
-2.298104970302303,-0.055844171453856006,-0.09480857230299156,-0.3025062522430934
1.1026136694275632,-0.7618826200160602,1.3935508326490385,-0.27647434847400015
-1.729696429066069,-2.35103607162653,-1.8387906937194964,0.3064944009333689
-0.15981170158120955,-0.43128598405719043,-0.05211922367953242,0.1767732015238383
0.5099967996621435,-3.8510073625587338,1.0361875275746557,-0.3560951375140246
0.6610922024733863,0.8171035319169603,0.5056928334516834,-0.8807194594088315
-0.2693179968916027,-0.1001606054651093,-0.8312326906657967,-0.3653909330997041
-0.2135403109270256,0.4806166845533707,0.5903328457581029,0.2367653012927598
0.734659450855021,0.8999975476421608,-0.5634003448521075,0.08696719952930793
-0.3368310605069532,-0.9987096746406809,-0.2853550047073226,0.5543515352188373
1.2993391817546855,0.8493775402010297,1.1438771518759039,0.22257200210582576
0.03778460430076419,-0.7795412069353214,-0.40026771738482025,0.6763033539500843
-0.02377755713412044,-2.1724308297801125,2.592024730785835,-0.11910072948577315
0.041815561094122954,0.5317426495416296,0.22955266467378527,0.10390079246732332
0.19313220863774255,-1.166640793909363,1.746567088721144,-0.7983215972202771
0.3892120424396005,-2.810511810197624,1.5498130608598302,-0.5853424873941767
0.8519841995159605,4.81372020451678,-0.7786450289149578,0.8064972317595753
0.7327352729527846,-0.3767255876445448,-0.05339803028515444,0.8519475768848183
0.1325116386408897,0.10482378389927788,0.08344290224520601,-0.8336473176499409
0.7363805726170171,2.6145357282233617,-0.9982779972244415,1.500261675216225
-0.14803970120780544,1.227711056411203,-1.6370742033992882,0.838276490997859
-0.15982872320376362,-1.797763551867934,-0.14816158216666336,0.639526350594582
0.9330107808684389,3.5592155866035036,-0.05961974564794226,0.6851978062120155
1.5376754999888924,1.6069528538166726,1.1009289365073025,1.0593072951855944
-4.441762052176942,-3.4605333114711296,-0.44195728648767446,0.4285050263205465
-0.3357867261485786,-1.9547968840812227,2.986048432214113,-0.4974808215527196
-0.440291426679422,1.1789451709950929,-4.635442691884135,1.1985144317276741
-3.276143691522739,0.9470239901699912,-2.9646747044620607,-0.47097572327974707
-0.607017143818528,0.1327364200925565,-1.7873660705586656,0.5315675993164153
2.850381192066106,-0.0941864080699523,3.744130870871275,-4.538229392425525
-2.3484199395845824,-1.4307467596123926,0.5377483717365449,-0.24694044575157012
-1.3743293845940499,-1.5098218887062778,-0.20454276424550052,0.43425168713863405
-0.44566200413003215,0.5721784283231398,-1.453375581094525,1.3349230581295939
0.009276195472980489,0.18037274400924458,-0.3889375521962454,0.309444235904192
-0.25258608642419017,-1.1457652609018139,1.010023374903459,1.2804601141143257
0.8548543558381769,3.6282153403084276,-2.3024800810129102,2.286725389223991
2.341083638522511,-0.9311203556382559,1.61656006649041,-1.5135525871384279
2.7758362189015253,4.953353460533943,-2.263809997581828,0.34039876156284327
0.8930148268112696,1.0488426578734023,-0.7819381025677752,0.684363271333343
0.6208915626587334,1.7030082513974463,2.039522431059548,-2.4688220133705654
0.5688357087596522,0.7169924497133329,-1.1692514885220922,-2.1102322232315123
-0.2705894373541367,1.1554520620716457,0.5486609107746686,-0.09743864354677897
2.316248422441514,1.3973754843209971,1.1584546360649706,0.32581922692424176
0.19337726535650707,3.379171847630973,-2.8047515500940854,1.1013677870822514
0.5675053255124496,-2.800119339235898,1.958986223047794,-1.6616954476856878
1.7499514439486104,0.4176442504333938,0.9344080901377041,-0.7730797272864507
0.07014591278255408,3.734335387005471,-0.4128082770150952,0.48023101882648594
-0.31431662882650474,0.7295561752228644,0.5206952145412944,0.4571388245549344
-0.6560972260493175,-0.34759502085356125,0.3609688318344584,-1.3845314398445148
0.11033447731224669,-0.7540262082366501,1.933346907758722,0.23077145759380727
-0.13024923095873714,-1.0114902549064118,1.0423018113076146,-1.36307073320888
1.3434829787600926,1.9813897864307697,-0.8489515471158697,0.4134225119208157
-0.2808481632157227,1.2971949402049399,-1.8389170110017181,0.864692238154191
2.582891075093426,2.4815075526961747,0.008884782413935755,-2.203237243867025
3.3177795619236212,3.0904214226841082,-1.1558650500656114,0.061622799643324136
-0.529953857382992,-1.1827121249293913,2.627943266918301,-4.050578763343832
-3.431880528926127,-4.980555473507956,1.771381793138755,-0.8223142119471241
-0.5230943887566611,-4.807352329740267,3.3106187348469325,-0.34616837013494683
0.5268124122911748,6.405346777990463,-3.2565075596362894,1.5919719733945719
-1.3841179053825305,-1.8670151018889007,1.6041385490330469,-0.6111397695749821
-1.2619274949941865,-0.46460995459693477,-0.27535425565279026,0.26714456721292124
-0.37056958903440484,2.007666833585115,-4.6380323566008315,-0.4988182083679212
-0.3858629338947188,-2.5704844652467354,2.253193622159917,1.3895446385280075
-0.5348895997115127,-0.9776145370197058,-0.8054381909994666,0.5627733595526977
0.20719429267545586,-2.9241200200485653,4.423416230848229,-0.3651035983164722
-2.298335793015292,-1.4669501674162968,-0.5785599416248501,-0.9200680850567986
1.9260066805320653,4.5459437159503,-4.107706353316975,0.7557050674007787
0.451964202023311,1.1493265534296666,0.17887467714163907,-0.06003166567542887
-1.5170663586203472,-3.2472458712686656,0.5857006931543749,0.38003886639440543
-0.22807550954485006,1.3924226980189482,-0.41014047660462954,0.5059396635638668
0.8195862617999863,2.2278145737805715,-1.290080660827307,1.513071258835581
1.4770649120142487,4.572830118606251,-0.23886338207009203,0.02613261270661298
0.3504620988676263,0.8980620481677315,-2.3141362161980608,1.9998581379274667
-1.1184449629963682,-1.2621147353616111,0.1623417312705946,1.2358312727472536
1.7861179508094311,1.3405256202810882,0.4120160610810034,-0.20688448962517317
-0.33620170995193943,-1.233437372970049,0.7386654539725134,0.12503262595368816
1.2344048722116663,3.2365808003972942,-2.2138150512310597,2.1020137485970034
-0.226849410567371,-5.807032179910738,3.636988941838552,0.1583469254797519
0.16182478879212664,-0.1233636674457646,0.6361670670400487,-0.6826186777861744
0.11258806574074348,-1.8671465960176603,-0.3823670998891202,0.6998744460456692
-0.6599689845281449,-0.1591761175684071,-0.3878267214639005,-0.2836096087623149
-0.41355351457950584,1.8012962590814061,0.04962364927792717,-0.9187672211959753
-0.17836538376453664,0.3879120175822821,-0.015867454498774247,2.2012157104021832
-4.184321298708893,-3.9944734093588687,0.6157460776118799,0.19832383168474063
0.7128275200813001,0.4970724233272339,-0.2007746211537937,0.2620238209592355
-0.5805227053487743,0.2963069091918898,-1.2312152197534165,2.042871827420964
0.8642731008807942,3.1692226559673937,-2.7694756037395685,0.4289373949269999
0.5778579036340772,1.110059426681534,0.6195366073031918,-0.7907988882116262
0.43785976834497675,1.4070175967416185,0.6266328605239578,-1.3991703807685403
4.50323822554431,5.496022197002272,-0.7867007126754689,1.9432826827782765
-0.09008991387092818,1.1760454726460154,0.6579077306941524,-0.8416436674574385
-1.324779361830996,-1.2140898873002133,0.32814277471560027,1.7715553352284643
-0.7956436157227085,0.9839870972542732,-2.414698899450692,0.25043954714827904
-0.8974199018064277,0.3504708602440709,-0.1928909152427568,0.36101487161270807
1.7887018863742505,1.95056619732947,-1.2729301818403274,1.109062373835086
-0.15553713053395557,1.395465205953014,-2.3408144124821013,0.6908538362087696
-0.44576156312167414,-0.7701235608944609,-0.2549046540791535,-0.17773460767294202
0.6926824970829976,-0.6648681386456237,2.372253308216017,-2.4889347392645056
-0.6018541086191463,-0.9746268018607329,1.101057932485293,-0.9554999857182317
-0.44405727630483216,-2.2841809993677664,1.736870907789965,0.012741447292852728
0.45606664550716397,-0.14432109439084348,0.17048338728693072,-0.09295082111928929
0.9021431693857598,0.06979044181130245,-0.4671799860864895,-0.13778088791002507
1.2613871186913348,6.553838993540268,-1.32081765759298,-0.46788363217309964
3.4405838011687093,1.8327654653838668,2.0295619090927373,0.08556420412813243
-0.9574685253105465,0.36263566090852684,0.06621543386326922,-0.9238639635106572
-0.3707461691562361,0.9437048264824838,0.4162353288695816,-0.6053194894965398
-4.503259519388165,-1.60373164905436,-1.2777900602075882,-0.9707816707300285
-0.7474913612516587,-1.1299724879507773,-1.3401901869043045,0.3496041860362554
2.407393056036425,0.5594978600915363,2.1148138140035626,-1.4714433809987761
-1.0328761469193364,1.0535344672632827,-0.5642860632463592,1.3090563591942905
0.8947281842715754,0.34674871522475703,-0.2350354071055803,-0.33752039320028393
0.08217997807104305,1.01433697282881,1.9501093730746577,-1.541245027678819
1.119667640842029,-0.6520169927022662,0.8340642912265439,0.2326813718824135
-1.427516021822766,0.7972022881893155,0.4779628686295283,-0.028775205773442804
0.8299494371964056,-0.2970388138501498,1.4279822834415836,-1.293974407014828
-0.4206454350726199,0.6656404276315905,-2.187479043917335,-0.24815311273868754
0.7005082474939661,1.1522379375086145,1.4745879460847897,-3.494834730498154
0.1857440516658007,0.6259847082000579,-0.2374120277014374,0.047391486239653044
-2.132556235847906,0.6048483595116285,-2.5533058306872123,2.16559528450581
-1.4390419685432896,-4.1654706140772415,1.080832845811378,-1.622146253588641
-0.968933185062125,-1.486204675603194,1.4057592346272838,0.18651861342187148
0.2037816804023817,-1.525603587303824,0.8564182124829696,0.509843459911775
0.6973359639323098,1.088621816437013,-0.5019512325484426,1.3712784090630534
0.06881078899133758,-3.648442173678289,1.4981490619923932,-0.7082845304456399
-0.9273990485224979,-0.884904821787648,-1.961875727623256,0.8303459492863834
0.5775012597058476,3.192835350456537,1.6912647208113798,-2.9095541387510124
-1.5769598180126776,-0.07366877312903486,0.3344290894429207,0.16119452660589734
-1.96866269810623,-2.1357098678423605,0.9852592675875447,0.6740487045303418
-2.026981543394163,-4.241346241519183,1.1179214651009213,-1.1500914944059086
-0.6099321752806719,-1.5697713798705735,0.7893120153452212,1.1061866171790953
-1.018510074158264,-1.0570244231078756,1.0381542183945167,-1.006913800050014
-0.8154791667906665,-3.2001269688520004,-1.6123413640840276,0.8278479320109142
-1.8706562732022392,-1.3240575151439682,-0.5569408549764219,0.44378757655169115
-0.7554877715845223,1.0108792590121576,-2.489818929309758,2.0732041534083163
-0.26380201642550494,-0.5867027775721867,1.703379537586948,0.2724363008991881
-0.5875746136903534,-0.300578203424569,0.720482412964267,-0.8030399698482653
0.7951395345052268,-1.803536988070703,2.4560232717947335,-2.4295011719712036
1.8329027770194166,3.560290035473391,-2.7592607428167533,0.45052423297946553
1.6634813615335347,-0.2616509197894995,2.6982488474926,-0.13198580670636498
-0.05470461990132103,0.031137869734218504,-0.5219125191278883,0.693260835587198
-0.35855326661255177,-3.7673583377345867,0.8427037663329985,-0.8349123971758784
-1.5014264171618357,0.1473404583262024,-2.279814994781519,1.6846890153973233
-1.5854919280111102,1.6302870257377278,-0.9256897863171325,0.545122999760401
-0.31822799411940045,-4.160049407132586,1.6764308738861229,-0.6449554171834337
-0.32243075399869225,-0.6156555430853463,-0.39343090093347344,-0.07340293408600485
-0.20406285882683978,1.5010019325185486,-0.9799972555897714,-1.6996459767295446
-0.23749168298157863,-1.2239768020263746,1.7444793977907245,-0.22758391023744567
2.7980226948146156,-0.7167902455070259,2.8294683329525325,-4.127805795968116
-0.49293904778707465,-0.05216967421710872,-0.8076823489129492,0.7684233724574342
-0.5460172088684814,-2.670460512783177,1.5389871779218025,0.09975733143786461
-0.0929027988340296,0.36540252268947504,-0.1981992048399932,1.4640842455894842
-0.378131360825547,-0.36136936832407496,-1.192702637910521,0.49986956594376203
0.8738090059749022,0.246153939736385,-1.2119400829737903,1.2531046262708605
0.4281452005413895,1.3234144826122087,0.13696870671292424,-0.26852736225703633
-1.8204696406779683,1.349313425451856,-4.717052255056376,5.348694134289399
-0.3638534271214694,2.0759758414885794,-1.6000391222163182,-0.4959615345648848
-0.023907031821812905,-0.791246496736017,1.946402355331132,-0.17471369565209838
0.333965958592233,0.538006690974673,1.0407419958274853,-1.3432251849846415
0.2648016780571059,1.901683572539653,-0.8994795530016512,0.5950501516728489
-0.7359086274464759,-3.507241463949745,1.5553599550300787,-2.255867635495639
0.9931034643948586,-1.9013254745457493,2.9222170269310936,-0.7550469354907271
-0.5492758884629804,-2.8648266580559887,-0.03649747221542343,-0.6367070984784332
-1.2077577643856114,-3.959362060440762,-1.840003336669323,1.9230033726928797
0.5983743210053518,0.1338728236164587,1.1496714211034265,1.2584648296593817
-0.5149369974894761,-1.3478072398630303,0.9070103479111215,-0.46615022458840655
-4.44523206412278,-2.5448424488445434,-2.212367152815758,0.14205911508820912
0.6897350692637673,0.915013956550256,-1.4548309266146748,0.14172866193159464
-1.5197094358903727,-2.8155040262988544,0.6208134460916124,-0.9444451518990119
-0.41270157295068643,-2.3937668973474393,0.04784454787599368,-0.812913279321433
-0.7565958308296737,0.28930870548128007,-0.8053394666137081,-1.715729474050709
-0.6497498180776722,-0.3743622903492394,0.07037304895609037,-0.5539881450830583
0.4690458468406996,0.5890276932545639,-0.5639601187630172,1.3519615859067713
0.15750481669791366,0.30482369929811803,-1.2629326930782385,0.4903877635259654
1.8497753641850236,2.0422533354361376,0.5525774655697554,-0.522925172721229
-0.1942286687238479,-0.020071008771106902,-1.0642781225392517,-0.3665557131693289
-0.01317853766938068,1.7975566230375841,-1.3140204767086763,1.0633796412851702
3.24459765383998,2.571293296581588,0.24093726732272186,-0.7071653551045369
-1.400123921994891,0.5690394546916673,-1.0951055715593023,-0.47188730453114064
0.6107910704459973,2.1812688718773825,-2.466678893016666,1.3872391637697603
-2.033112887711127,-2.9252305254916497,1.7220184626757369,-1.5550297873941603
